,gseID,journal,pubmed_id,title
0,notAvailable,Nature genetics,31477929,
1,GSE130430,Nature communications,31477722,
2,GSE122743,Nature communications,31477698,
3,notAvailable,Cell stem cell,31474560,
4,notAvailable,Cell,31474370,
5,notAvailable,Nature methods,31471617,
6,notAvailable,Science immunology,31471352,
7,notAvailable,Nature communications,31467286,
8,notAvailable,Nature communications,31451693,
9,GSE122336,Nature communications,31444334,
10,notAvailable,Nature communications,31439836,
11,notAvailable,"Science (New York, N.Y.)",31439762,
12,notAvailable,Nature,31435019,
13,GSE109555,Nature,31435013,
14,notAvailable,Nature communications,31434891,
15,notAvailable,Nature immunology,31431722,
16,GSE125971,Nature communications,31431618,
17,notAvailable,Cell stem cell,31422913,
18,GSE126480,Nature communications,31420539,
19,GSE132950,Nature communications,31413301,
20,notAvailable,Nature communications,31413257,
21,notAvailable,Nature methods,31406385,
22,notAvailable,Nature immunology,31406377,
23,notAvailable,Nature genetics,31406346,
24,notAvailable,"Science (New York, N.Y.)",31395745,
25,notAvailable,Cancer discovery,31371323,
26,GSE131989,Nature communications,31366909,
27,GSE127832,Nature methods,31363221,
28,GSE128483,Nature immunology,31358996,
29,GSE95218,Nature communications,31358756,
30,GSE131996,Immunity,31353223,
31,GSE132923,Immunity,31350180,
32,GSE126128,Nature,31341279,
33,notAvailable,Nature medicine,31332391,
34,notAvailable,Molecular cell,31327636,
35,notAvailable,Nature communications,31324783,
36,GSE118127,Nature communications,31320652,
37,notAvailable,Nature communications,31311926,
38,GSE132026_GSE132023_GSE131841,Cell stem cell,31303547,
39,notAvailable,Neuron,31303374,
40,notAvailable,Molecular cell,31299208,
41,GSE131155,Nature,31292549,
42,notAvailable,Cell stem cell,31279774,
43,GSE124419,Nature communications,31278265,
44,GSE117826_GSE117825_GSE117824,Nature,31270458,
45,notAvailable,Nature cell biology,31263265,
46,GSE114787,Cell,31251913,
47,notAvailable,"Science (New York, N.Y.)",31249056,
48,GSE130670,Science translational medicine,31243155,
49,GSE131937_GSE131935,Immunity,31231035,
50,GSE106888,Cell stem cell,31230860,
51,notAvailable,Molecular cell,31230816,
52,notAvailable,Immunity,31216459,
53,GSE119943_GSE119942_GSE119941_GSE119940,Nature immunology,31209400,
54,GSE129150,Nature neuroscience,31209379,
55,notAvailable,Nature,31209304,
56,notAvailable,Cell,31204100,
57,notAvailable,Nature communications,31201331,
58,GSE115030_GSE114526_GSE114525_GSE85483,Immunity,31201094,
59,notAvailable,Cell,31199915,
60,GSE75111_GSE75110_GSE75109_GSE75108_GSE75107_GSE75106_GSE75105_GSE75104_GSE75103_GSE74833,Nature communications,31197158,
61,GSE129455,Cancer discovery,31197017,
62,notAvailable,Cell stem cell,31178255,
63,GSE130881,Cell systems,31176620,
64,GSE129114,"Science (New York, N.Y.)",31171666,
65,GSE130888_GSE130387,Science translational medicine,31167927,
66,GSE117498,Nature communications,31160568,
67,notAvailable,eLife,31157618,
68,GSE117309,Nature genetics,31152164,
69,notAvailable,Nature genetics,31152159,
70,notAvailable,Neuron,31147152,
71,GSE113046,Science immunology,31126997,
72,GSE118880,Cell systems,31121116,
73,notAvailable,Immunity,31103380,
74,notAvailable,Molecular cell,31101498,
75,notAvailable,"Science (New York, N.Y.)",31097661,
76,notAvailable,Nature,31092926,
77,GSE128241_GSE75931,Nature,31092920,
78,notAvailable,Nature communications,31092822,
79,GSE126042,eLife,31090537,
80,notAvailable,Cancer discovery,31088841,
81,GSE125688,Cell stem cell,31080134,
82,GSE95588,Science translational medicine,31068444,
83,notAvailable,eLife,31063131,
84,GSE128855_GSE128854_GSE128781,Nature neuroscience,31061494,
85,GSE127005_GSE126891,Science immunology,31053654,
86,notAvailable,Neuron,31053407,
87,notAvailable,Nature,31043747,
88,notAvailable,Nature,31042697,
89,notAvailable,Nature methods,31036959,
90,notAvailable,eLife,31033442,
91,GSE108679,Cell,31031009,
92,notAvailable,Cell,31031007,
93,GSE73620_GSE73546,Nature communications,31028265,
94,notAvailable,Neuron,31027966,
95,notAvailable,Cell systems,31022373,
96,GSE123516_GSE123515_GSE117783,Nature,31019301,
97,GSE115958_GSE115956_GSE115955,Nature,31019299,
98,notAvailable,Nature,31019298,
99,notAvailable,Nature biomedical engineering,31015734,
100,notAvailable,Nature communications,31015418,
101,notAvailable,Nature communications,31015402,
102,GSE119103_GSE109085,Nature communications,31015400,
103,notAvailable,Nature communications,31000703,
104,notAvailable,Nature communications,30988302,
105,GSE122871,Cell stem cell,30982771,
106,notAvailable,Cell,30982598,
107,notAvailable,Cell,30982596,
108,notAvailable,Cell,30982595,
109,GSE127465,Immunity,30979687,
110,GSE123078_GSE118436_GSE108892_GSE108891_GSE108885,Nature,30971824,
111,notAvailable,eLife,30969169,
112,GSE128066,Nature communications,30967541,
113,notAvailable,Nature biomedical engineering,30936431,
114,GSE108709,Cell stem cell,30930146,
115,notAvailable,Immunity,30926235,
116,GSE105012,Nature methods,30923384,
117,notAvailable,Nature communications,30923344,
118,GSE110878,Molecular cell,30922843,
119,notAvailable,eLife,30912746,
120,notAvailable,Nature,30911168,
121,GSE126163_GSE126120_GSE119597_GSE119594_GSE119584,Cell stem cell,30905619,
122,notAvailable,Molecular cell,30901562,
123,GSE125327_GSE125326_GSE124991,"Science (New York, N.Y.)",30898902,
124,notAvailable,"Science (New York, N.Y.)",30898901,
125,notAvailable,Nature genetics,30886424,
126,notAvailable,eLife,30883329,
127,notAvailable,Cell stem cell,30880026,
128,GSE112004,eLife,30860479,
129,GSE124031,Nature medicine,30858616,
130,GSE125065,Nature neuroscience,30858605,
131,GSE124675,Science immunology,30850393,
132,GSE126783,Immunity,30850344,
133,GSE116256,Cell,30827681,
134,GSE115626_GSE115622_GSE115600,Cell,30827680,
135,GSE122583_GSE122582_GSE118203_GSE118202_GSE115218_GSE115217_GSE115216_GSE115215_GSE115214_GSE115213_GSE115212_GSE115211_GSE115210_GSE115209_GSE115208,Cell,30827679,
136,notAvailable,Neuron,30824354,
137,GSE124872,Nature communications,30814501,
138,GSE108556,Nature genetics,30804559,
139,notAvailable,Nature neuroscience,30804530,
140,GSE122342,Cell stem cell,30799279,
141,notAvailable,Nature communications,30796217,
142,GSE119945,Nature,30787437,
143,GSE87038,Nature,30787436,
144,notAvailable,Immunity,30784578,
145,notAvailable,Nature methods,30783263,
146,notAvailable,Nature communications,30783105,
147,GSE109355,Nature,30778195,
148,GSE103221,Molecular cell,30772174,
149,GSE122198_GSE105454_GSE105452_GSE105451,Molecular cell,30765193,
150,GSE118257,Nature,30747918,
151,notAvailable,eLife,30744806,
152,notAvailable,Nature methods,30742040,
153,notAvailable,Immunity,30737144,
154,notAvailable,Cell stem cell,30735645,
155,GSE120372,eLife,30735127,
156,GSE109761,Nature,30728496,
157,GSE116138,Nature communications,30718509,
158,GSE118852_GSE118546_GSE118480,Cell,30712875,
159,GSE122662_GSE122653_GSE115943_GSE106340,Cell,30712874,
160,notAvailable,Cell,30712869,
161,notAvailable,Neuron,30709656,
162,notAvailable,Nature,30700911,
163,GSE112380,Nature communications,30700715,
164,notAvailable,Nature communications,30692544,
165,GSE130008,Nature communications,30692527,
166,notAvailable,eLife,30681408,
167,notAvailable,Nature communications,30679420,
168,GSE118948,"Science (New York, N.Y.)",30679343,
169,notAvailable,Science immunology,30679199,
170,notAvailable,Nature communications,30670690,
171,notAvailable,Nature methods,30664774,
172,notAvailable,Nature communications,30664642,
173,GSE121083,Neuron,30654924,
174,notAvailable,Nature,30651638,
175,notAvailable,Immunity,30650371,
176,GSE114005_GSE111690_GSE111664,Nature immunology,30643263,
177,notAvailable,Cell stem cell,30639035,
178,notAvailable,Cell systems,30638813,
179,notAvailable,Cell systems,30638811,
180,GSE103316_GSE103315_GSE103314,Neuron,30638744,
181,GSE121002_GSE116519_GSE116506,Immunity,30638736,
182,GSE104343,eLife,30638445,
183,GSE123335,Nature communications,30635555,
184,GSE111065,Cell,30633912,
185,GSE113937,eLife,30628888,
186,GSE114071,Nature communications,30626865,
187,GSE123030_GSE123025_GSE123024_GSE123022_GSE123021,Neuron,30606613,
188,GSE122332_GSE122331_GSE122330_GSE122329,Nature communications,30604742,
189,notAvailable,Nature,30602787,
190,notAvailable,Nature cell biology,30602765,
191,notAvailable,Cell systems,30590028,
192,notAvailable,Nature genetics,30578418,
193,GSE121393_GSE121386_GSE121287_GSE121284_GSE121267,Nature communications,30575716,
194,notAvailable,Nature methods,30573843,
195,notAvailable,Nature methods,30573817,
196,GSE114802_GSE107305_GSE99582_GSE99469_GSE99468_GSE89044_GSE88942,Nature methods,30573816,
197,GSE121599_GSE121598_GSE121597_GSE107521,Nature,30568299,
198,notAvailable,Nature communications,30560953,
199,notAvailable,eLife,30560784,
200,GSE113675,Nature methods,30559431,
201,notAvailable,Nature methods,30559429,
202,GSE121706,Molecular cell,30554946,
203,GSE111360,Cell,30550791,
204,notAvailable,eLife,30547884,
205,notAvailable,"Science (New York, N.Y.)",30545888,
206,notAvailable,"Science (New York, N.Y.)",30545857,
207,notAvailable,"Science (New York, N.Y.)",30545855,
208,GSE119355,Nature immunology,30538339,
209,notAvailable,Cell systems,30528274,
210,GSE119969_GSE119430,Cell stem cell,30526881,
211,GSE99915,Nature,30518857,
212,notAvailable,Nature methods,30504887,
213,notAvailable,Nature methods,30504886,
214,notAvailable,Cell stem cell,30503143,
215,notAvailable,Nature communications,30514897,
216,GSE121737,Nature communications,30514844,
217,notAvailable,Neuron,30497772,
218,notAvailable,Cancer discovery,30487234,
219,GSE120199,Neuron,30482691,
220,GSE118237_GSE118217,Nature communications,30479344,
221,GSE111912,Molecular cell,30472192,
222,notAvailable,Molecular cell,30472191,
223,GSE120654,Cell stem cell,30472156,
224,notAvailable,Nature communications,30459309,
225,GSE107468_GSE107467_GSE107466,Nature neuroscience,30455455,
226,GSE111546_GSE111545_GSE111543,Nature communications,30451854,
227,GSE118184,Cell stem cell,30449713,
228,notAvailable,Cell,30449622,
229,GSE119450,Cell,30449619,
230,GSE107185,Cell systems,30448000,
231,notAvailable,Science immunology,30446505,
232,notAvailable,Nature,30429548,
233,notAvailable,Nature communications,30429479,
234,notAvailable,Nature communications,30425249,
235,GSE113973,Nature medicine,30420755,
236,notAvailable,Nature cell biology,30420661,
237,GSE117763_GSE117762_GSE111136_GSE110983_GSE110982_GSE110981_GSE110980_GSE110979_GSE110978,Cell,30415840,
238,notAvailable,Nature communications,30413715,
239,GSE118924_GSE118770,Immunity,30413363,
240,notAvailable,Nature communications,30401874,
241,notAvailable,Nature,30401810,
242,GSE106510,Cell,30392957,
243,notAvailable,Neuron,30392799,
244,notAvailable,Neuron,30392798,
245,GSE112246_GSE112245_GSE112200_GSE112198_GSE112195_GSE112194_GSE112091_GSE112090_GSE112089,Nature communications,30389926,
246,GSE115978,Cell,30388455,
247,notAvailable,Cell,30388447,
248,GSE117963,Nature communications,30385745,
249,GSE113576,"Science (New York, N.Y.)",30385464,
250,notAvailable,Nature,30382219,
251,GSE119182,Nature,30382200,
252,notAvailable,Nature methods,30377364,
253,notAvailable,Nature methods,30377357,
254,GSE113069,eLife,30375971,
255,notAvailable,Nature communications,30375391,
256,notAvailable,Nature neuroscience,30349109,
257,notAvailable,Nature medicine,30349087,
258,GSE120666_GSE120665_GSE119660_GSE119659_GSE119658_GSE119656,Molecular cell,30344096,
259,notAvailable,Cell,30343902,
260,notAvailable,Nature,30333578,
261,notAvailable,Nature communications,30323295,
262,notAvailable,Cell,30318151,
263,GSE119228,Cell,30318149,
264,notAvailable,Immunity,30314756,
265,notAvailable,"Science (New York, N.Y.)",30309944,
266,GSE115798_GSE115639_GSE104995,Nature communications,30291229,
267,GSE97080,Cell stem cell,30290179,
268,notAvailable,Molecular cell,30290149,
269,GSE115098,Nature medicine,30275566,
270,GSE111831,Nature biomedical engineering,30271673,
271,GSE95459_GSE95450_GSE95446_GSE95435,Cell,30270042,
272,notAvailable,Nature communications,30266933,
273,GSE111588,eLife,30265241,
274,notAvailable,"Science (New York, N.Y.)",30262495,
275,GSE96688,Nature,30258225,
276,GSE101901,Nature communications,30254269,
277,notAvailable,Cell,30241615,
278,GSE112471,Nature communications,30237449,
279,notAvailable,Neuron,30236284,
280,GSE112731_GSE109742,Science immunology,30217811,
281,GSE117055,Nature communications,30209249,
282,notAvailable,Nature communications,30206223,
283,GSE100474,Nature communications,30202063,
284,notAvailable,Nature methods,30202060,
285,notAvailable,Nature cell biology,30202051,
286,GSE117568_GSE117567_GSE117470,Nature immunology,30201992,
287,notAvailable,Nature communications,30201954,
288,notAvailable,Cell systems,30195438,
289,notAvailable,Nature communications,30194434,
290,notAvailable,Science immunology,30194240,
291,notAvailable,Nature,30185910,
292,GSE118390_GSE118389_GSE118303,Nature communications,30181541,
293,notAvailable,Molecular cell,30174289,
294,notAvailable,Cell systems,30172840,
295,GSE117089,"Science (New York, N.Y.)",30166440,
296,notAvailable,Cell systems,30145116,
297,notAvailable,Nature medicine,30135555,
298,notAvailable,Nature communications,30135482,
299,notAvailable,Nature,30127477,
300,GSE114161,Nature communications,30127440,
301,notAvailable,Nature communications,30115907,
302,notAvailable,Nature neuroscience,30104732,
303,notAvailable,Neuron,30100256,
304,notAvailable,Neuron,30100254,
305,notAvailable,Cell stem cell,30100166,
306,notAvailable,Cell,30096314,
307,GSE116470,Cell,30096299,
308,notAvailable,"Science (New York, N.Y.)",30093597,
309,GSE115813_GSE109989_GSE102827_GSE99933_GSE92332,Nature,30089906,
310,GSE114462_GSE114461_GSE114460_GSE114459,Nature,30089904,
311,notAvailable,Nature communications,30087343,
312,GSE109828,Molecular cell,30078726,
313,notAvailable,Cell,30078711,
314,GSE114759,Cell,30078710,
315,GSE111586,Cell,30078704,
316,notAvailable,Cell systems,30077635,
317,notAvailable,Nature communications,30076296,
318,GSE116718_GSE115618,Cell stem cell,30075129,
319,GSE115331,Nature,30069052,
320,GSE102580,Nature,30069046,
321,GSE103354,Nature,30069044,
322,notAvailable,Nature communications,30069015,
323,notAvailable,Nature methods,30065381,
324,notAvailable,Nature methods,30065371,
325,notAvailable,Nature communications,30061556,
326,notAvailable,Nature cell biology,30038257,
327,GSE114988,Nature cell biology,30038251,
328,notAvailable,Cell,30033364,
329,GSE116165_GSE116163_GSE75974_GSE75973,Cell systems,30031774,
330,GSE103970_GSE103969_GSE103968_GSE103967,Nature,30022162,
331,notAvailable,Nature communications,30022070,
332,notAvailable,eLife,30020075,
333,GSE115404,Nature communications,30018341,
334,notAvailable,Nature communications,30013097,
335,notAvailable,eLife,29993362,
336,notAvailable,Nature communications,29992957,
337,notAvailable,Nature communications,29991676,
338,notAvailable,Nature communications,29985394,
339,GSE112982_GSE86495,Science immunology,29980617,
340,notAvailable,Nature,29973725,
341,GSE115007_GSE115006,Nature communications,29967419,
342,notAvailable,Nature medicine,29967347,
343,GSE93456_GSE88716,Nature biomedical engineering,29963329,
344,GSE114727_GSE114725_GSE114724,Cell,29961579,
345,GSE112642,Nature communications,29955049,
346,notAvailable,Cell systems,29953863,
347,GSE99254,Nature medicine,29942094,
348,GSE110938_GSE110686,Nature medicine,29942092,
349,notAvailable,Nature methods,29941873,
350,notAvailable,Cell stem cell,29937202,
351,notAvailable,Cell systems,29936184,
352,notAvailable,Nature communications,29934517,
353,GSE114315_GSE114314_GSE114313_GSE114312,Nature immunology,29925996,
354,GSE113112,Nature immunology,29925993,
355,notAvailable,Nature,29925944,
356,GSE107651,Nature communications,29925875,
357,notAvailable,Nature cell biology,29915360,
358,GSE113495_GSE113494_GSE92575,Nature cell biology,29915358,
359,GSE100272,Nature cell biology,29915357,
360,GSE103772_GSE103771,Cell,29909983,
361,GSE107451,Cell,29909982,
362,notAvailable,"Science (New York, N.Y.)",29903939,
363,notAvailable,Nature communications,29895867,
364,notAvailable,Cell,29887381,
365,GSE107947,Cell systems,29886109,
366,GSE107910,Immunity,29884461,
367,GSE100354,Nature communications,29875383,
368,notAvailable,eLife,29873633,
369,GSE112997,eLife,29869985,
370,notAvailable,Nature genetics,29785013,
371,notAvailable,Nature communications,29784946,
372,GSE110351_GSE109711_GSE109707_GSE109306_GSE99433,Nature cell biology,29784918,
373,notAvailable,Cell,29779947,
374,notAvailable,Cell,29779945,
375,GSE109718,Cell stem cell,29779890,
376,notAvailable,Cell,29775591,
377,notAvailable,Molecular cell,29775585,
378,notAvailable,Nature communications,29773791,
379,notAvailable,Immunity,29768164,
380,notAvailable,Nature communications,29760469,
381,notAvailable,Nature communications,29760466,
382,notAvailable,Cell,29754821,
383,notAvailable,Cell stem cell,29754780,
384,notAvailable,Cell systems,29753646,
385,notAvailable,Nature neuroscience,29752482,
386,notAvailable,Cell systems,29730254,
387,GSE111979_GSE111978_GSE111977,Cell stem cell,29727680,
388,notAvailable,Cell stem cell,29727679,
389,notAvailable,Cell stem cell,29727678,
390,GSE100320,Cell,29727663,
391,notAvailable,Nature immunology,29725080,
392,notAvailable,"Science (New York, N.Y.)",29724907,
393,notAvailable,Nature communications,29712903,
394,notAvailable,Cell,29706550,
395,notAvailable,Nature methods,29702635,
396,GSE112294,"Science (New York, N.Y.)",29700229,
397,GSE113074,"Science (New York, N.Y.)",29700227,
398,GSE112824_GSE106587_GSE106474_GSE106466,"Science (New York, N.Y.)",29700225,
399,notAvailable,eLife,29697372,
400,notAvailable,eLife,29697047,
401,notAvailable,Nature medicine,29686426,
402,GSE110052,Cancer cell,29681511,
403,notAvailable,Cell,29681456,
404,GSE100449,Cell,29681453,
405,GSE102130,"Science (New York, N.Y.)",29674595,
406,GSE103633,"Science (New York, N.Y.)",29674432,
407,GSE111764,"Science (New York, N.Y.)",29674431,
408,notAvailable,eLife,29671739,
409,notAvailable,Nature communications,29666373,
410,notAvailable,"Science (New York, N.Y.)",29650703,
411,notAvailable,"Science (New York, N.Y.)",29650674,
412,GSE99255,Science translational medicine,29643228,
413,notAvailable,Cancer cell,29634943,
414,GSE100037,Nature methods,29630061,
415,notAvailable,Cell stem cell,29625072,
416,notAvailable,Cell,29625051,
417,notAvailable,Nature methods,29608555,
418,notAvailable,eLife,29595475,
419,notAvailable,Nature cell biology,29593327,
420,notAvailable,Nature,29590093,
421,notAvailable,"Science (New York, N.Y.)",29590079,
422,GSE95155,Nature communications,29567991,
423,notAvailable,Immunity,29562204,
424,GSE96986_GSE96982_GSE96958_GSE96836_GSE96835,eLife,29555020,
425,notAvailable,Nature methods,29553578,
426,GSE90553,Cell stem cell,29551301,
427,notAvailable,Nature communications,29549338,
428,notAvailable,Nature neuroscience,29549318,
429,notAvailable,eLife,29547120,
430,GSE101581,Nature,29539636,
431,notAvailable,Nature communications,29535304,
432,notAvailable,Science immunology,29523583,
433,GSE104158_GSE104157_GSE104156_GSE103983,Nature,29513653,
434,notAvailable,Nature neuroscience,29507408,
435,notAvailable,Nature cell biology,29507406,
436,notAvailable,Nature medicine,29505032,
437,notAvailable,Nature communications,29497036,
438,notAvailable,Nature communications,29491397,
439,notAvailable,Nature communications,29491378,
440,notAvailable,Nature communications,29491377,
441,GSE109450_GSE109449_GSE109448_GSE107105,Nature communications,29476097,
442,notAvailable,Nature communications,29476078,
443,GSE108097,Cell,29474909,
444,GSE109262,Nature communications,29472610,
445,GSE109796,"Science (New York, N.Y.)",29472441,
446,GSE108427,Nature communications,29467410,
447,GSE99159,Immunity,29466756,
448,notAvailable,Immunity,29466750,
449,GSE89754,Nature,29466336,
450,GSE108699,Nature methods,29457792,
451,GSE99330,Cell systems,29454938,
452,notAvailable,Science immunology,29453292,
453,GSE110496,eLife,29451494,
454,GSE108041,eLife,29451492,
455,GSE99235_GSE99058_GSE98816,Nature,29443965,
456,notAvailable,Nature communications,29440632,
457,GSE100033,Nature neuroscience,29434377,
458,GSE115125_GSE111901_GSE111070_GSE110692_GSE110688_GSE110679_GSE110568_GSE110558_GSE110547_GSE109742_GSE109726,Nature immunology,29434354,
459,GSE98664,Nature communications,29434199,
460,notAvailable,Immunity,29426701,
461,notAvailable,"Science (New York, N.Y.)",29420280,
462,GSE109444,"Science (New York, N.Y.)",29420258,
463,notAvailable,Cell systems,29401450,
464,GSE72847,Cell,29398116,
465,GSE102077_GSE102076_GSE102075_GSE102074,Nature communications,29382831,
466,notAvailable,Nature biomedical engineering,31015629,
467,notAvailable,eLife,29376823,
468,notAvailable,Science immunology,29374079,
469,GSE100471,"Science (New York, N.Y.)",29371425,
470,notAvailable,Nature communications,29367605,
471,notAvailable,Nature,29364873,
472,notAvailable,Nature communications,29362365,
473,notAvailable,Nature cell biology,29358705,
474,notAvailable,Neuron,29358017,
475,notAvailable,Nature communications,29352116,
476,notAvailable,Nature communications,29348659,
477,notAvailable,Nature communications,29348443,
478,notAvailable,Nature communications,29335532,
479,GSE77882,Nature cell biology,29335530,
480,notAvailable,Nature methods,29320487,
481,notAvailable,eLife,29319504,
482,notAvailable,Neuron,29307713,
483,notAvailable,Nature,29298288,
484,notAvailable,Nature communications,29295987,
485,notAvailable,Cell systems,29284127,
486,notAvailable,Cell,29275860,
487,notAvailable,Nature cell biology,29269951,
488,notAvailable,Nature genetics,29255263,
489,notAvailable,eLife,29239720,
490,notAvailable,eLife,29231816,
491,GSE102827,Nature neuroscience,29230054,
492,notAvailable,Nature cell biology,29230016,
493,notAvailable,Nature communications,29230012,
494,notAvailable,Nature genetics,29229984,
495,notAvailable,Nature communications,29229905,
496,GSE106273,Nature communications,29225342,
497,GSE106678,Molecular cell,29220646,
498,notAvailable,"Science (New York, N.Y.)",29217584,
499,GSE104054,"Science (New York, N.Y.)",29217582,
500,notAvailable,eLife,29206104,
501,notAvailable,Cell systems,29199017,
502,GSE103322,Cell,29198524,
503,notAvailable,Nature communications,29192235,
504,notAvailable,Nature neuroscience,29184208,
505,GSE99251,Cell stem cell,29174333,
506,GSE92842,Cell stem cell,29174332,
507,GSE104209,Nature communications,29170510,
508,notAvailable,"Science (New York, N.Y.)",29170234,
509,notAvailable,"Science (New York, N.Y.)",29170230,
510,notAvailable,Cell systems,29153839,
511,notAvailable,Nature communications,29151572,
512,notAvailable,Nature communications,29150615,
513,notAvailable,Neuron,29144976,
514,notAvailable,Nature communications,29142256,
515,notAvailable,Nature communications,29142241,
516,GSE106630_GSE106629_GSE106628,Nature communications,29138484,
517,notAvailable,Nature methods,29131162,
518,notAvailable,Cell systems,29128333,
519,notAvailable,Nature medicine,29106401,
520,notAvailable,Cell systems,29102611,
521,notAvailable,Cell systems,29102610,
522,notAvailable,Cell systems,29102360,
523,GSE89900,Nature communications,29101321,
524,notAvailable,Nature communications,29101320,
525,notAvailable,Nature communications,29097687,
526,notAvailable,Neuron,29096072,
527,notAvailable,Nature,29094698,
528,GSE73628,Nature communications,29093439,
529,notAvailable,Nature methods,29088131,
530,notAvailable,Nature communications,29084948,
531,notAvailable,Nature communications,29074960,
532,notAvailable,Cell systems,29073372,
533,GSE98571_GSE98570_GSE98569_GSE98567,Nature,29072293,
534,notAvailable,Science translational medicine,29070697,
535,GSE99929,Nature communications,29061960,
536,GSE79578,Nature communications,29061959,
537,notAvailable,Nature,29045391,
538,notAvailable,Nature methods,29039415,
539,notAvailable,Cell stem cell,29033352,
540,GSE100607,Cell stem cell,29033351,
541,GSE103976,Neuron,29024657,
542,notAvailable,Nature,29022598,
543,notAvailable,Nature,29019987,
544,GSE87293,eLife,28994389,
545,GSE97391_GSE97390_GSE97360,eLife,28990928,
546,notAvailable,Cell systems,28988800,
547,GSE96774,Nature communications,28986577,
548,GSE92280_GSE92279_GSE92278_GSE92277_GSE92276,Cell stem cell,28985528,
549,notAvailable,Nature medicine,28985206,
550,notAvailable,"Science (New York, N.Y.)",28983045,
551,notAvailable,"Science (New York, N.Y.)",28983044,
552,notAvailable,"Science (New York, N.Y.)",28983043,
553,GSE102443,Nature communications,28970527,
554,GSE99939_GSE90813_GSE90591_GSE90590,Nature methods,28967890,
555,notAvailable,Cell systems,28957659,
556,notAvailable,Cell systems,28957658,
557,notAvailable,Nature communications,28947742,
558,notAvailable,eLife,28944754,
559,GSE92522,Cell,28942923,
560,GSE90697_GSE87633,Cell,28942919,
561,notAvailable,Science translational medicine,28931656,
562,notAvailable,Nature communications,28928395,
563,notAvailable,Neuron,28910617,
564,GSE101334,Cell,28886383,
565,GSE99714_GSE92699,Cell,28886382,
566,notAvailable,Nature communications,28878212,
567,notAvailable,Nature communications,28878209,
568,notAvailable,Nature methods,28869755,
569,GSE95025,"Science (New York, N.Y.)",28860209,
570,notAvailable,Nature communications,28851858,
571,notAvailable,Nature methods,28825705,
572,GSE99951,Neuron,28817799,
573,notAvailable,Nature,28813413,
574,notAvailable,Nature communications,28808316,
575,GSE97179,"Science (New York, N.Y.)",28798132,
576,notAvailable,Nature communications,28794488,
577,notAvailable,Nature methods,28783155,
578,GSE100866,Nature methods,28759029,
579,notAvailable,Nature neuroscience,28758994,
580,GSE98201_GSE97882_GSE97881_GSE97880,Cell stem cell,28757360,
581,notAvailable,Cell systems,28750196,
582,GSE90683,Nature genetics,28740262,
583,GSE100771,Nature,28738408,
584,GSE83501_GSE83467,Nature cell biology,28737769,
585,notAvailable,Nature communications,28737170,
586,notAvailable,Nature communications,28729688,
587,notAvailable,Neuron,28728018,
588,notAvailable,Nature communications,28722025,
589,notAvailable,Nature medicine,28714990,
590,notAvailable,Cancer cell,28697342,
591,GSE99815_GSE99457,Cell stem cell,28686870,
592,notAvailable,Nature,28682345,
593,notAvailable,Nature,28682344,
594,GSE94489,Nature,28682332,
595,notAvailable,eLife,28678007,
596,GSE98636,Nature communications,28677679,
597,GSE85908,Molecular cell,28673540,
598,GSE100337_GSE100050_GSE98994,Cell,28666115,
599,notAvailable,Nature biomedical engineering,31372309,
600,GSE98794,Cell,28648659,
601,notAvailable,Cell systems,28647475,
602,notAvailable,"Science (New York, N.Y.)",28642382,
603,notAvailable,Neuron,28641116,
604,notAvailable,Science translational medicine,28637924,
605,notAvailable,Nature,28636592,
606,notAvailable,Nature communications,28630425,
607,notAvailable,Cell systems,28624615,
608,notAvailable,Cell systems,28624614,
609,GSE98638,Cell,28622514,
610,GSE97955,Nature communications,28621310,
611,GSE96981_GSE81252,Nature,28614297,
612,GSE97682_GSE97681_GSE97680_GSE97679,Nature,28607484,
613,GSE98971_GSE98970_GSE98969,Cell,28602351,
614,notAvailable,"Science (New York, N.Y.)",28596334,
615,notAvailable,Nature communications,28594001,
616,notAvailable,Cell stem cell,28575695,
617,notAvailable,Cell stem cell,28575694,
618,notAvailable,Nature communications,28569837,
619,notAvailable,Nature communications,28569836,
620,notAvailable,Nature,28569798,
621,notAvailable,Nature,28562590,
622,notAvailable,Nature methods,28557980,
623,notAvailable,Nature communications,28530239,
624,notAvailable,"Science (New York, N.Y.)",28522527,
625,notAvailable,Neuron,28521130,
626,GSE76312,Nature medicine,28504724,
627,notAvailable,eLife,28498105,
628,notAvailable,"Science (New York, N.Y.)",28495876,
629,GSE87814_GSE87807_GSE87763,Cell,28479188,
630,GSE97168,Cell,28475900,
631,notAvailable,Cell,28475899,
632,notAvailable,Molecular cell,28475866,
633,GSE75688,Nature communications,28474673,
634,GSE98052_GSE98011_GSE80171,"Science (New York, N.Y.)",28473638,
635,GSE86146,Cell stem cell,28457750,
636,notAvailable,"Science (New York, N.Y.)",28450636,
637,notAvailable,"Science (New York, N.Y.)",28450619,
638,notAvailable,Cell systems,28448797,
639,notAvailable,Cell systems,28448794,
640,notAvailable,Cell,28431251,
641,GSE86310_GSE86306,Cell,28431249,
642,notAvailable,Cell,28431240,
643,notAvailable,Molecular cell,28431229,
644,GSE94820,"Science (New York, N.Y.)",28428369,
645,GSE96782_GSE90850_GSE90848_GSE90847,Cell,28413068,
646,notAvailable,Molecular cell,28410996,
647,notAvailable,Nature,28403137,
648,notAvailable,Nature methods,28394337,
649,notAvailable,Nature communications,28382969,
650,GSE81444_GSE80727_GSE80726_GSE80720,Cell systems,28365150,
651,notAvailable,Nature methods,28362436,
652,notAvailable,Nature cell biology,28361939,
653,notAvailable,"Science (New York, N.Y.)",28360329,
654,GSE89567,"Science (New York, N.Y.)",28360267,
655,GSE80006,Nature,28355183,
656,notAvailable,Science immunology,28345074,
657,GSE84833,Cell stem cell,28343982,
658,notAvailable,Cell systems,28342718,
659,notAvailable,Neuron,28334614,
660,notAvailable,eLife,28332977,
661,notAvailable,eLife,28323615,
662,notAvailable,Nature immunology,28323268,
663,notAvailable,Nature methods,28319112,
664,GSE75478,Nature cell biology,28319093,
665,GSE81861,Nature genetics,28319088,
666,notAvailable,Nature communications,28317845,
667,notAvailable,Nature,28297709,
668,notAvailable,eLife,28296636,
669,GSE80280,Nature,28289288,
670,GSE90856,Cell stem cell,28285904,
671,GSE93802_GSE93801_GSE93593,Neuron,28279351,
672,notAvailable,Nature methods,28263961,
673,notAvailable,Nature methods,28263960,
674,notAvailable,Nature genetics,28263318,
675,notAvailable,Nature methods,28245217,
676,notAvailable,Nature methods,28245215,
677,notAvailable,Neuron,28231464,
678,notAvailable,Science translational medicine,28228602,
679,notAvailable,Nature communications,28224990,
680,GSE89405_GSE89036,Nature immunology,28218746,
681,notAvailable,Nature communications,28218243,
682,notAvailable,Neuron,28215557,
683,GSE75790,Molecular cell,28212749,
684,GSE92300,Molecular cell,28212748,
685,GSE92495,Nature methods,28192419,
686,notAvailable,Nature genetics,28191888,
687,GSE74639,Nature communications,28181495,
688,notAvailable,Nature communications,28181481,
689,GSE84498,Nature,28166538,
690,notAvailable,Nature medicine,28165479,
691,notAvailable,eLife,28139976,
692,notAvailable,Nature methods,28135256,
693,GSE84920,Nature methods,28135255,
694,GSE90860,Nature communications,28134272,
695,notAvailable,Nature communications,28128308,
696,notAvailable,Nature communications,28128198,
697,notAvailable,Cell systems,28125787,
698,notAvailable,Nature communications,28112173,
699,notAvailable,Cell stem cell,28111201,
700,notAvailable,Cell,28111070,
701,notAvailable,Nature,28102262,
702,GSE80168,Nature communications,28102192,
703,GSE92872,Nature methods,28099430,
704,notAvailable,Nature communications,28094297,
705,GSE86894,Cell stem cell,28094016,
706,GSE78968,Nature methods,28092691,
707,GSE93421,Nature communications,28091601,
708,notAvailable,Cell,28086091,
709,notAvailable,Nature methods,28068316,
710,notAvailable,Cell systems,28065575,
711,notAvailable,Neuron,28056343,
712,GSE74672,Nature neuroscience,27991900,
713,notAvailable,Molecular cell,27989441,
714,GSE90488_GSE90487_GSE90486,Cell,27984734,
715,GSE90546,Cell,27984733,
716,GSE90063,Cell,27984732,
717,notAvailable,Nature communications,27897270,
718,GSE83948,Cell stem cell,27889318,
719,GSE86417,Cell systems,27883889,
720,notAvailable,Nature,27869821,
721,notAvailable,Nature communications,27869196,
722,GSE87197_GSE87196_GSE87195,Cell stem cell,27867036,
723,notAvailable,Cancer discovery,27864226,
724,GSE87527,Cell,27863245,
725,notAvailable,Immunity,27851916,
726,notAvailable,Immunity,27851914,
727,GSE84785,Cell systems,27840077,
728,notAvailable,Nature communications,27830705,
729,GSE70630,Nature,27806376,
730,notAvailable,Nature communications,27808091,
731,notAvailable,Nature methods,27798612,
732,notAvailable,Nature neuroscience,27618310,
733,notAvailable,Nature,27750279,
734,GSE85241,Cell systems,27693023,
735,GSE75659,Nature genetics,27668657,
736,GSE84133,Cell systems,27667365,
737,notAvailable,eLife,27782885,
738,notAvailable,eLife,27776632,
739,notAvailable,Immunity,27760341,
740,notAvailable,eLife,27614020,
741,notAvailable,Nature communications,27739429,
742,notAvailable,Cell stem cell,27716522,
743,notAvailable,Cell stem cell,27716520,
744,GSE76381,Cell,27716510,
745,GSE73600_GSE73580_GSE66169_GSE65520,"Science (New York, N.Y.)",27708074,
746,notAvailable,Nature communications,27701381,
747,notAvailable,eLife,27700985,
748,notAvailable,eLife,27690227,
749,notAvailable,Nature communications,27687249,
750,notAvailable,eLife,27684073,
751,GSE86207_GSE81252,eLife,27669147,
752,notAvailable,Cell,27662094,
753,GSE63161,Nature cell biology,27642787,
754,notAvailable,Cell systems,27617677,
755,notAvailable,eLife,27612383,
756,notAvailable,"Science (New York, N.Y.)",27609894,
757,notAvailable,Neuron,27608754,
758,notAvailable,Cell stem cell,27588744,
759,notAvailable,eLife,27580371,
760,GSE78907_GSE70245_GSE70244_GSE70243_GSE70242_GSE70241_GSE70240_GSE70239_GSE70238_GSE70237_GSE70236_GSE70235,Nature,27580035,
761,notAvailable,eLife,27572056,
762,notAvailable,Nature methods,27571553,
763,GSE81905_GSE81904_GSE81903_GSE81902_GSE80232,Cell,27565351,
764,notAvailable,Nature communications,27558523,
765,GSE74767,Nature,27556940,
766,notAvailable,eLife,27549338,
767,GSE85157_GSE85156_GSE85154_GSE85153_GSE85152,Cell,27545347,
768,notAvailable,Nature communications,27538785,
769,notAvailable,Immunity,27533015,
770,GSE75384_GSE74912_GSE74310_GSE74246,Nature genetics,27526324,
771,GSE52359,Cell stem cell,27524439,
772,notAvailable,Cell systems,27524104,
773,notAvailable,"Science (New York, N.Y.)",27516599,
774,notAvailable,Nature methods,27479330,
775,GSE85721_GSE84371,"Science (New York, N.Y.)",27471252,
776,notAvailable,Nature communications,27470466,
777,notAvailable,Cell systems,27426983,
778,notAvailable,Cell,27419874,
779,notAvailable,Nature,27409808,
780,GSE82103,Nature communications,27405751,
781,GSE76514,Nature communications,27387371,
782,GSE74994,Nature,27383781,
783,notAvailable,Nature communications,27378076,
784,GSE76606,Nature immunology,27376470,
785,notAvailable,Nature communications,27374071,
786,notAvailable,Nature,27357797,
787,notAvailable,Nature communications,27356503,
788,notAvailable,Nature methods,27355792,
789,notAvailable,Nature cell biology,27350443,
790,GSE81076_GSE76983_GSE76408,Cell stem cell,27345837,
791,GSE79819_GSE79818_GSE79816_GSE79812,"Science (New York, N.Y.)",27338705,
792,GSE83534_GSE83533_GSE83532,Nature medicine,27322744,
793,notAvailable,Cell,27315475,
794,notAvailable,"Science (New York, N.Y.)",27313022,
795,notAvailable,Nature communications,27306044,
796,GSE67310,Nature,27281220,
797,notAvailable,Nature communications,27240697,
798,notAvailable,Nature neuroscience,27239937,
799,GSE67123_GSE67120_GSE66954,Nature,27225119,
800,GSE74488,Cell,27212234,
801,notAvailable,Nature communications,27198043,
802,notAvailable,Nature communications,27189321,
803,notAvailable,Nature methods,27183440,
804,notAvailable,Nature methods,27183439,
805,notAvailable,Cell,27180908,
806,notAvailable,Immunity,27178470,
807,GSE78521,eLife,27177420,
808,notAvailable,Nature communications,27167753,
809,notAvailable,Cell systems,27136683,
810,notAvailable,Cell systems,27136241,
811,notAvailable,Cell systems,27135539,
812,notAvailable,Cell systems,27135537,
813,notAvailable,Cell systems,27135536,
814,notAvailable,Cell systems,27135535,
815,GSE77940_GSE72056,"Science (New York, N.Y.)",27124452,
816,GSE74410_GSE74409_GSE74406,Nature communications,27108815,
817,notAvailable,Cancer discovery,27102072,
818,GSE55981,Nature communications,27094546,
819,GSE74597_GSE74596_GSE74595_GSE74594,Nature immunology,27089380,
820,notAvailable,Nature methods,27088313,
821,notAvailable,Cancer cell,27070703,
822,notAvailable,Cancer cell,27070697,
823,GSE74360,eLife,27063937,
824,notAvailable,Cell,27062923,
825,notAvailable,Cell stem cell,27038591,
826,notAvailable,Nature communications,27021558,
827,GSE77849_GSE77847_GSE77846_GSE77026,Cancer discovery,27016502,
828,GSE70657,Nature communications,27009448,
829,GSE79541_GSE70420_GSE70419_GSE58801,Cell stem cell,26996597,
830,notAvailable,Molecular cell,26990994,
831,notAvailable,eLife,26950945,
832,notAvailable,Nature methods,26950746,
833,notAvailable,"Science (New York, N.Y.)",26940868,
834,GSE76881,Nature communications,26936319,
835,notAvailable,Nature communications,26926603,
836,notAvailable,"Science (New York, N.Y.)",26912857,
837,notAvailable,eLife,26901440,
838,GSE69776,eLife,26901438,
839,GSE70580,Nature immunology,26878113,
840,notAvailable,Cell,26871627,
841,notAvailable,Cell stem cell,26831517,
842,notAvailable,eLife,26824388,
843,notAvailable,"Science (New York, N.Y.)",26823430,
844,notAvailable,Nature communications,26814032,
845,GSE75722,"Science (New York, N.Y.)",26797145,
846,notAvailable,Immunity,26789920,
847,GSE76005,Nature methods,26780092,
848,notAvailable,eLife,26765569,
849,notAvailable,Nature communications,26752026,
850,notAvailable,eLife,26751780,
851,notAvailable,Nature communications,26739115,
852,GSE74923,Nature communications,26732280,
853,GSE71585,Nature neuroscience,26727548,
854,notAvailable,Cell,26687353,
855,notAvailable,Cell,26687346,
856,notAvailable,eLife,26646184,
857,notAvailable,eLife,26633880,
858,GSE72859_GSE72858_GSE72857,Cell,26627738,
859,GSE75111_GSE75110_GSE75109_GSE75108_GSE75107_GSE75106_GSE75105_GSE75104_GSE75103_GSE74833,Cell,26607794,
860,GSE61844,Nature,26605532,
861,notAvailable,Nature communications,26586423,
862,notAvailable,Science translational medicine,26582898,
863,notAvailable,Nature communications,26582123,
864,notAvailable,Cell,26544934,
865,GSE75413,"Science (New York, N.Y.)",26541607,
866,notAvailable,Neuron,26539889,
867,notAvailable,Nature communications,26522429,
868,notAvailable,Nature communications,26503691,
869,notAvailable,Nature communications,26489834,
870,notAvailable,eLife,26488364,
871,notAvailable,Nature neuroscience,26479587,
872,GSE71982,Nature communications,26469390,
873,notAvailable,Nature,26469050,
874,GSE71712,Nature,26466562,
875,notAvailable,Cell stem cell,26431182,
876,notAvailable,"Science (New York, N.Y.)",26430121,
877,GSE70555_GSE70554_GSE70552,Nature,26416748,
878,notAvailable,Nature,26416731,
879,notAvailable,Cell,26406378,
880,notAvailable,Nature communications,26399630,
881,notAvailable,Nature communications,26391800,
882,notAvailable,Nature cell biology,26389663,
883,GSE69841_GSE69423_GSE69373_GSE68596_GSE68264_GSE68263_GSE68262_GSE68261_GSE68260,Cell,26365489,
884,notAvailable,Nature communications,26364903,
885,notAvailable,Nature communications,26360614,
886,GSE65531_GSE65530_GSE65529_GSE65528,Cell,26343579,
887,notAvailable,Nature communications,26334616,
888,notAvailable,Nature,26322584,
889,notAvailable,Cancer cell,31474569,
890,GSE132566,Immunity,31474513,
891,notAvailable,Molecular cell,31471188,
892,GSE133699,Immunity,31471106,
893,notAvailable,eLife,31464682,
894,notAvailable,eLife,31442201,
895,notAvailable,Neuron,31422865,
896,GSE132502,Molecular cell,31421980,
897,notAvailable,eLife,31418692,
898,notAvailable,eLife,31418408,
899,GSE134163,eLife,31411560,
900,GSE124494,Immunity,31402260,
901,GSE129516,Molecular cell,31398325,
902,GSE134691_GSE134420_GSE134286,Nature,31391580,
903,notAvailable,Nature communications,31387995,
904,GSE125694,eLife,31386623,
905,notAvailable,Cell systems,31377170,
906,notAvailable,eLife,31368890,
907,notAvailable,Nature methods,31363220,
908,notAvailable,Nature methods,31363217,
909,notAvailable,Nature methods,31363216,
910,GSE123814_GSE123813_GSE123812,Nature medicine,31359002,
911,notAvailable,Nature medicine,31359001,
912,GSE133032_GSE133031_GSE132964,Neuron,31353074,
913,GSE130473,Nature communications,31350390,
914,notAvailable,Cell,31348891,
915,GSE121617,"Science (New York, N.Y.)",31346039,
916,GSE133785_GSE133706_GSE133704,Cancer discovery,31345789,
917,notAvailable,eLife,31343409,
918,GSE119926,Nature,31341285,
919,GSE132300_GSE128627_GSE128626_GSE122084_GSE122083_GSE122058,Nature communications,31332193,
920,GSE131928,Cell,31327527,
921,notAvailable,eLife,31322498,
922,GSE118885_GSE118884_GSE118883_GSE118882,Nature,31316208,
923,notAvailable,Nature communications,31316066,
924,notAvailable,Nature methods,31308548,
925,notAvailable,Nature,31296938,
926,GSE115612,Nature,31292545,
927,GSE124395,Nature,31292543,
928,notAvailable,eLife,31282856,
929,notAvailable,Neuron,31271756,
930,GSE133452_GSE131328_GSE131327_GSE130808_GSE130806_GSE130515,Cell stem cell,31271750,
931,notAvailable,Nature,31270459,
932,GSE115242_GSE115234,Nature communications,31266962,
933,GSE128518,Cell,31257031,
934,GSE123508_GSE109031,Cell,31257026,
935,notAvailable,Nature communications,31249377,
936,notAvailable,"Science (New York, N.Y.)",31249057,
937,GSE124904,Nature communications,31243281,
938,GSE113293,eLife,31237565,
939,notAvailable,eLife,31232694,
940,notAvailable,eLife,31232691,
941,notAvailable,Cell,31230711,
942,notAvailable,Cell systems,31229559,
943,notAvailable,Nature communications,31227714,
944,GSE122843_GSE110901_GSE110900_GSE110899_GSE110898_GSE110897_GSE110896_GSE110895_GSE110894,Nature communications,31222014,
945,notAvailable,Nature immunology,31213723,
946,GSE130287,Nature communications,31213601,
947,notAvailable,Nature immunology,31209404,
948,GSE129578,Nature methods,31209384,
949,notAvailable,Nature neuroscience,31209381,
950,GSE130148,Nature medicine,31209336,
951,GSE128307_GSE121459_GSE121458_GSE121457_GSE121451,Nature cell biology,31209294,
952,notAvailable,Cell,31199914,
953,notAvailable,Cancer cell,31185217,
954,notAvailable,Cell,31178122,
955,GSE128639,Cell,31178118,
956,notAvailable,eLife,31172949,
957,GSE129519,Nature,31168097,
958,notAvailable,Nature neuroscience,31160741,
959,GSE129074,Nature cell biology,31160712,
960,GSE113616,Cell,31155233,
961,GSE126657,Neuron,31151773,
962,GSE116001,eLife,31149899,
963,notAvailable,Cancer discovery,31147317,
964,GSE129451_GSE129087,Nature,31142839,
965,notAvailable,Nature methods,31133762,
966,GSE128423,Cell,31130381,
967,GSE131038,Immunity,31128961,
968,GSE118614,Neuron,31128945,
969,notAvailable,Nature immunology,31110316,
970,notAvailable,Nature communications,31110232,
971,notAvailable,Nature communications,31097704,
972,notAvailable,"Science (New York, N.Y.)",31097668,
973,notAvailable,Science translational medicine,31092694,
974,GSE122187_GSE117542,Nature,31086336,
975,notAvailable,Nature cell biology,31086261,
976,notAvailable,Nature communications,31086185,
977,GSE121560_GSE116254_GSE106422_GSE104408_GSE104406_GSE104405_GSE104404_GSE104379,Cancer discovery,31085557,
978,notAvailable,eLife,31084705,
979,notAvailable,Cell stem cell,31080135,
980,GSE118953,"Science (New York, N.Y.)",31073041,
981,notAvailable,Nature communications,31064985,
982,notAvailable,Nature immunology,31061532,
983,notAvailable,Cell stem cell,31051126,
984,notAvailable,Cell stem cell,31051125,
985,GSE118068_GSE64415,Nature,31043743,
986,notAvailable,Cancer discovery,31040105,
987,notAvailable,Nature genetics,31036964,
988,GSE128891_GSE128890_GSE128889,"Science (New York, N.Y.)",31023895,
989,GSE109924,Nature genetics,31011212,
990,GSE126310,Nature methods,31011186,
991,notAvailable,Science immunology,31004012,
992,notAvailable,Cell,31002790,
993,notAvailable,Nature,30971825,
994,GSE114557,Nature methods,30962623,
995,notAvailable,Nature methods,30962620,
996,GSE119840_GSE111764,Nature communications,30962434,
997,GSE123135_GSE123124_GSE123046,Nature,30959515,
998,GSE122578_GSE122577_GSE122576,eLife,30958261,
999,notAvailable,Cell,30955888,
1000,notAvailable,Cell systems,30954476,
1001,notAvailable,Cell systems,30954475,
1002,GSE121039,"Science (New York, N.Y.)",30948545,
1003,notAvailable,Nature communications,30944331,
1004,GSE120816,Cancer cell,30930118,
1005,GSE115427,Cell,30929901,
1006,GSE129741_GSE129740_GSE129738,Immunity,30926233,
1007,notAvailable,"Science (New York, N.Y.)",30923225,
1008,notAvailable,Nature,30918409,
1009,GSE128393,Neuron,30905392,
1010,notAvailable,Cell systems,30904375,
1011,notAvailable,Immunity,30902636,
1012,notAvailable,Nature communications,30890697,
1013,notAvailable,Nature methods,30886411,
1014,GSE117975_GSE113530,Nature methods,30886410,
1015,GSE124174,Nature neuroscience,30886407,
1016,notAvailable,Nature,30886393,
1017,notAvailable,Nature communications,30874552,
1018,notAvailable,Nature communications,30862852,
1019,GSE125316,Nature communications,30862842,
1020,GSE123070_GSE111404,Nature communications,30862783,
1021,GSE119453,Nature genetics,30858613,
1022,notAvailable,Nature biomedical engineering,30854249,
1023,notAvailable,Cell,30853217,
1024,notAvailable,Cell systems,30852250,
1025,notAvailable,Cell,30849376,
1026,notAvailable,Cell stem cell,30849359,
1027,notAvailable,eLife,30803483,
1028,GSE107051,Cell,30799036,
1029,notAvailable,Cell systems,30797773,
1030,notAvailable,Cell,30794779,
1031,notAvailable,Immunity,30784577,
1032,GSE124061,Cell,30773317,
1033,GSE125044,Cell systems,30772378,
1034,notAvailable,Neuron,30770253,
1035,notAvailable,Immunity,30770246,
1036,GSE124335_GSE120747_GSE120745_GSE120744_GSE120629,Nature,30760929,
1037,notAvailable,Nature methods,30742041,
1038,GSE124731,Nature communications,30737409,
1039,GSE113854_GSE113605,Nature communications,30737373,
1040,GSE124299,Cell,30735633,
1041,notAvailable,Nature communications,30718493,
1042,GSE123241,eLife,30681411,
1043,GSE118486,eLife,30676318,
1044,notAvailable,Nature communications,30674886,
1045,GSE122846,Nature immunology,30664737,
1046,notAvailable,Nature communications,30664627,
1047,GSE121679_GSE121416,Cell,30661759,
1048,notAvailable,eLife,30657453,
1049,GSE112837,eLife,30638444,
1050,GSE122969,Immunity,30635236,
1051,GSE120861,Cell,30612741,
1052,GSE123139,Cell,30595452,
1053,notAvailable,Cell stem cell,30581079,
1054,GSE116297_GSE116285_GSE116249_GSE116248_GSE116247_GSE101498,Cell,30580963,
1055,notAvailable,Nature,30568305,
1056,notAvailable,Nature genetics,30559489,
1057,notAvailable,Nature neuroscience,30559476,
1058,notAvailable,Nature communications,30559445,
1059,notAvailable,Nature communications,30559361,
1060,notAvailable,Immunity,30552023,
1061,GSE117156,Nature medicine,30523328,
1062,notAvailable,Nature communications,30538243,
1063,GSE115047,Nature cell biology,30532068,
1064,notAvailable,Molecular cell,30503769,
1065,GSE120678,Cell stem cell,30503141,
1066,GSE111229,Nature communications,30514914,
1067,notAvailable,Nature medicine,30510255,
1068,GSE120067,Cell,30500539,
1069,GSE97693,"Science (New York, N.Y.)",30498128,
1070,notAvailable,Nature,30487608,
1071,GSE111027_GSE111026_GSE111025,Nature communications,30487586,
1072,notAvailable,Nature cell biology,30482943,
1073,GSE115476,Nature communications,30479347,
1074,GSE104988_GSE104987_GSE104986_GSE104985_GSE104984_GSE104983_GSE104981,Cancer cell,30472020,
1075,GSE121654,Immunity,30471926,
1076,notAvailable,Nature communications,30468158,
1077,GSE120634_GSE117872,Nature communications,30467425,
1078,GSE81585,Nature communications,30464173,
1079,notAvailable,Science translational medicine,30463919,
1080,notAvailable,Immunity,30462994,
1081,notAvailable,Nature communications,30451828,
1082,notAvailable,Neuron,30449656,
1083,notAvailable,Nature genetics,30420650,
1084,notAvailable,Cell systems,30414924,
1085,notAvailable,Nature communications,30413688,
1086,GSE119562,Immunity,30413361,
1087,GSE115356_GSE115350_GSE115346_GSE115316,eLife,30412053,
1088,GSE115257,eLife,30412052,
1089,notAvailable,Nature,30405240,
1090,notAvailable,Nature communications,30405130,
1091,notAvailable,Nature communications,30405112,
1092,notAvailable,Nature communications,30389932,
1093,GSE120909,Science immunology,30389797,
1094,GSE120575,Cell,30388456,
1095,GSE115746,Nature,30382198,
1096,notAvailable,Nature communications,30382095,
1097,notAvailable,Nature communications,30361563,
1098,notAvailable,Nature,30356220,
1099,GSE115469,Nature communications,30348985,
1100,GSE119352,Cell,30343900,
1101,notAvailable,Cell systems,30342881,
1102,GSE121026_GSE120515_GSE119071_GSE118938_GSE118917_GSE118902_GSE118764_GSE118763_GSE100896_GSE100895,Nature,30333624,
1103,notAvailable,Science translational medicine,30333237,
1104,notAvailable,Immunity,30332628,
1105,notAvailable,eLife,30324906,
1106,notAvailable,Nature methods,30323353,
1107,notAvailable,Nature communications,30323168,
1108,GSE116505_GSE116246,eLife,30299256,
1109,notAvailable,Cell systems,30292705,
1110,GSE132042_GSE132040_GSE109774,Nature,30283141,
1111,notAvailable,Cell,30270040,
1112,GSE112436,Neuron,30269986,
1113,GSE106269,"Science (New York, N.Y.)",30262634,
1114,GSE116633_GSE115950_GSE106882_GSE106636_GSE79435,Nature communications,30254319,
1115,GSE101099,Nature communications,30254276,
1116,GSE106237_GSE106236_GSE106235,Nature,30250253,
1117,GSE118056_GSE117988,Nature communications,30250229,
1118,notAvailable,Cell,30245008,
1119,notAvailable,Nature communications,30218080,
1120,notAvailable,Nature communications,30213942,
1121,GSE111839,eLife,30188322,
1122,GSE106487,Cell stem cell,30174296,
1123,notAvailable,Nature methods,30171231,
1124,GSE117876_GSE117874_GSE117109,"Science (New York, N.Y.)",30166492,
1125,notAvailable,Nature,30135581,
1126,GSE109984,Nature communications,30135429,
1127,notAvailable,eLife,30124429,
1128,GSE115795,Nature immunology,30104629,
1129,notAvailable,Cell,30096308,
1130,notAvailable,Nature medicine,30093729,
1131,GSE114997,Cell,30078709,
1132,notAvailable,Immunity,30076101,
1133,notAvailable,"Science (New York, N.Y.)",30072512,
1134,notAvailable,Nature,30069053,
1135,notAvailable,Cell systems,30056004,
1136,GSE103568,Nature communications,30050112,
1137,GSE109210_GSE94957,Nature,30046113,
1138,notAvailable,Nature communications,30042420,
1139,notAvailable,Nature genetics,30038397,
1140,notAvailable,Cell,30033361,
1141,notAvailable,Neuron,30033152,
1142,GSE112880_GSE107256_GSE107124_GSE94647,Nature communications,30026551,
1143,notAvailable,Nature cell biology,30022120,
1144,GSE116237,Cell,30017245,
1145,notAvailable,Nature medicine,29988129,
1146,GSE114670,Nature communications,29968757,
1147,GSE114397,Cell,29961576,
1148,notAvailable,Nature communications,29950599,
1149,notAvailable,Nature communications,29946144,
1150,notAvailable,Cell systems,29936183,
1151,notAvailable,Nature communications,29934631,
1152,notAvailable,"Science (New York, N.Y.)",29930089,
1153,notAvailable,Cell systems,29909278,
1154,GSE107875_GSE107874_GSE107873,Cell,29906446,
1155,GSE113968_GSE113811_GSE113807_GSE113689_GSE113280_GSE113262_GSE113221_GSE113216_GSE113208,Nature,29899446,
1156,GSE110684,Science immunology,29858286,
1157,GSE95723,Cell,29856957,
1158,GSE103239_GSE103154_GSE95630,Nature cell biology,29802404,
1159,notAvailable,Nature cell biology,29802403,
1160,GSE113198_GSE113197_GSE113196_GSE113127_GSE113099,Nature communications,29795293,
1161,notAvailable,Cell systems,29792823,
1162,notAvailable,Nature,29789748,
1163,notAvailable,Nature methods,29786092,
1164,GSE79280,Nature communications,29760424,
1165,GSE112903,Immunity,29752062,
1166,GSE99786,Nature,29720634,
1167,GSE96811_GSE96772_GSE96771_GSE96769,Cell,29706549,
1168,GSE102090_GSE100856_GSE98448_GSE98443_GSE98440_GSE98245,Molecular cell,29706538,
1169,notAvailable,eLife,29697371,
1170,GSE104490,Nature medicine,29686423,
1171,GSE103840,Nature neuroscience,29686262,
1172,GSE111598,Cell stem cell,29656943,
1173,notAvailable,Nature,29643510,
1174,GSE107585,"Science (New York, N.Y.)",29622724,
1175,notAvailable,eLife,29620527,
1176,notAvailable,Nature genetics,29610479,
1177,notAvailable,Cell systems,29605184,
1178,notAvailable,Cell systems,29596778,
1179,GSE102990,Nature,29590089,
1180,notAvailable,eLife,29580379,
1181,notAvailable,Nature communications,29549237,
1182,GSE110823,"Science (New York, N.Y.)",29545511,
1183,GSE104276,Nature,29539641,
1184,notAvailable,Nature methods,29529018,
1185,notAvailable,Nature communications,29520097,
1186,notAvailable,Nature neuroscience,29507414,
1187,notAvailable,Cell,29502970,
1188,notAvailable,Cell systems,29494801,
1189,notAvailable,Nature communications,29483513,
1190,GSE107229_GSE104470_GSE104469_GSE104467_GSE104466_GSE104378,Nature methods,29481550,
1191,notAvailable,Nature methods,29481549,
1192,notAvailable,"Science (New York, N.Y.)",29472486,
1193,notAvailable,Nature communications,29426856,
1194,notAvailable,Immunity,29426702,
1195,GSE108790_GSE108788_GSE108775,Neuron,29398364,
1196,notAvailable,Nature biomedical engineering,31015626,
1197,notAvailable,Nature,29364869,
1198,notAvailable,Nature communications,29358710,
1199,GSE106544_GSE106543_GSE106542_GSE106541_GSE106540,Science immunology,29352091,
1200,GSE104323_GSE95753_GSE95752_GSE95315,Nature neuroscience,29335606,
1201,notAvailable,Nature communications,29335514,
1202,notAvailable,eLife,29331015,
1203,notAvailable,Cell,29328909,
1204,GSE106268_GSE106267_GSE106265_GSE106264_GSE105163,"Science (New York, N.Y.)",29326266,
1205,GSE90742,Nature,29323290,
1206,notAvailable,Nature cell biology,29311656,
1207,notAvailable,Nature medicine,29309059,
1208,notAvailable,Cell,29307488,
1209,notAvailable,Cell systems,29289569,
1210,GSE81233,Nature genetics,29255258,
1211,notAvailable,eLife,29231811,
1212,notAvailable,eLife,29231170,
1213,notAvailable,eLife,29231168,
1214,notAvailable,Cell systems,29203279,
1215,GSE108230_GSE108221_GSE108199,eLife,29199959,
1216,notAvailable,eLife,29199953,
1217,GSE97037,Cancer cell,29198913,
1218,GSE85234,Nature communications,29187729,
1219,notAvailable,Nature communications,29184067,
1220,notAvailable,Nature communications,29170529,
1221,GSE104961,Nature communications,29170434,
1222,GSE100618,Nature immunology,29167569,
1223,notAvailable,Nature communications,29158515,
1224,GSE103275_GSE103272_GSE98131_GSE95448_GSE95445_GSE95436_GSE95434_GSE95432_GSE95430,Nature communications,29158510,
1225,GSE102698,Cell systems,29153838,
1226,GSE100058,Cell,29149607,
1227,notAvailable,eLife,29148972,
1228,GSE92332,Nature,29144463,
1229,notAvailable,Nature communications,29142298,
1230,GSE93722,eLife,29130882,
1231,notAvailable,Nature,29120418,
1232,GSE99466,Nature methods,28991892,
1233,notAvailable,Nature,28976954,
1234,GSE81547,Cell,28965763,
1235,notAvailable,Nature biomedical engineering,31015588,
1236,GSE85755,Nature methods,28960196,
1237,notAvailable,Cell systems,28957652,
1238,notAvailable,Nature communications,28951585,
1239,notAvailable,Cell systems,28941584,
1240,notAvailable,Nature communications,28939870,
1241,GSE66343,Molecular cell,28938092,
1242,GSE101487,"Science (New York, N.Y.)",28912243,
1243,GSE94054,Neuron,28910620,
1244,GSE102299,Nature,28902842,
1245,notAvailable,Nature communications,28883466,
1246,notAvailable,Nature communications,28878273,
1247,notAvailable,Nature neuroscience,28846081,
1248,notAvailable,Cell systems,28837813,
1249,notAvailable,Nature communications,28827596,
1250,GSE99172,Nature methods,28825706,
1251,GSE98561,"Science (New York, N.Y.)",28818938,
1252,notAvailable,Nature communications,28805202,
1253,notAvailable,Nature communications,28790449,
1254,GSE99363,Nature genetics,28671686,
1255,notAvailable,Nature communications,28656979,
1256,GSE83882,eLife,28653622,
1257,notAvailable,Nature communications,28652613,
1258,notAvailable,Cell systems,28601559,
1259,GSE95702_GSE95701_GSE95411_GSE95409_GSE95408,Immunity,28514690,
1260,GSE79108,Nature,28514446,
1261,GSE95601,Cell stem cell,28506465,
1262,notAvailable,Cell stem cell,28506464,
1263,notAvailable,Nature methods,28504683,
1264,notAvailable,Neuron,28472654,
1265,GSE74390,Nature communications,28440315,
1266,GSE85917,Nature methods,28418000,
1267,GSE96827_GSE81884_GSE81848_GSE81750_GSE81749_GSE81748_GSE81747_GSE81412,Molecular cell,28416141,
1268,notAvailable,Nature cell biology,28414312,
1269,notAvailable,"Science (New York, N.Y.)",28408603,
1270,GSE94383,Cell systems,28396000,
1271,notAvailable,Immunity,28389069,
1272,GSE89303_GSE89301_GSE80732,Cell,28388409,
1273,GSE95133,Neuron,28384468,
1274,notAvailable,eLife,28371617,
1275,GSE79102,Nature methods,28346451,
1276,notAvailable,Cell systems,28334572,
1277,GSE105054,eLife,28296635,
1278,notAvailable,Nature communications,28290449,
1279,notAvailable,Nature communications,28287116,
1280,GSE90834_GSE90640,Cell,28283063,
1281,GSE84892,eLife,28226240,
1282,notAvailable,Science translational medicine,28202776,
1283,notAvailable,Nature methods,28135258,
1284,notAvailable,Nature methods,28114287,
1285,notAvailable,eLife,28098555,
1286,notAvailable,eLife,28094761,
1287,GSE87069,Cell stem cell,28094018,
1288,notAvailable,Cell stem cell,28041894,
1289,notAvailable,eLife,28035902,
1290,notAvailable,Cell stem cell,27989768,
1291,notAvailable,Nature communications,27982015,
1292,GSE83142,Cancer cell,27916615,
1293,notAvailable,"Science (New York, N.Y.)",27885004,
1294,notAvailable,Cell systems,27883891,
1295,notAvailable,Nature cell biology,27870830,
1296,notAvailable,Nature communications,27857135,
1297,notAvailable,Nature communications,27827359,
1298,notAvailable,Science translational medicine,27807282,
1299,notAvailable,Nature,27749818,
1300,GSE76140,Nature immunology,27695000,
1301,notAvailable,Nature communications,27779190,
1302,notAvailable,Neuron,27764670,
1303,notAvailable,"Science (New York, N.Y.)",27738012,
1304,notAvailable,Nature communications,27698375,
1305,GSE67602,Cell systems,27641957,
1306,notAvailable,Molecular cell,27635758,
1307,GSE86042_GSE86039_GSE86031_GSE86030_GSE86028_GSE85954_GSE85951_GSE85947,Cell,27610572,
1308,notAvailable,Nature neuroscience,27571192,
1309,notAvailable,Nature methods,27525975,
1310,GSE85066,Cell,27419872,
1311,notAvailable,Nature,27411635,
1312,notAvailable,Nature communications,27324848,
1313,GSE79935_GSE66582_GSE66581_GSE66390,Nature,27309802,
1314,GSE75330,"Science (New York, N.Y.)",27284195,
1315,notAvailable,Molecular cell,27259209,
1316,notAvailable,Molecular cell,27259197,
1317,notAvailable,Cell,27180907,
1318,notAvailable,Cell,27153492,
1319,notAvailable,Cell,27153491,
1320,notAvailable,Cell stem cell,27152436,
1321,GSE78527,Nature communications,27138336,
1322,notAvailable,Nature communications,27121084,
1323,notAvailable,Nature communications,27098003,
1324,GSE77067,Nature communications,27090946,
1325,GSE77029_GSE49241,Nature immunology,27043410,
1326,notAvailable,"Science (New York, N.Y.)",26912859,
1327,notAvailable,eLife,26896676,
1328,GSE68208,eLife,26824266,
1329,notAvailable,eLife,26821527,
1330,notAvailable,Nature communications,26790525,
1331,notAvailable,Nature,26789249,
1332,GSE76407,Nature immunology,26779601,
1333,GSE74535_GSE74534_GSE68642_GSE56879,Nature methods,26752769,
1334,notAvailable,Cell,26687356,
1335,notAvailable,Cell,26607793,
1336,GSE71858,Nature methods,26524239,
1337,GSE67980,"Science (New York, N.Y.)",26383955,
1338,notAvailable,Nature,26375009,
1339,GSE63683_GSE63682_GSE63681_GSE63575,Nature,26367796,
1340,notAvailable,Cell,26359980,
1341,notAvailable,Nature methods,26344043,
1342,notAvailable,Nature neuroscience,26322928,
1343,notAvailable,Nature methods,26322836,
1344,notAvailable,Nature methods,26317235,
1345,notAvailable,Nature methods,26317234,
1346,notAvailable,Nature,26308893,
1347,notAvailable,Nature methods,26301842,
1348,GSE64016,Nature methods,26301841,
1349,notAvailable,Nature genetics,26301495,
1350,GSE71485,Cell stem cell,26299571,
1351,notAvailable,Molecular cell,26295962,
1352,notAvailable,Science translational medicine,26290413,
1353,GSE62270,Nature,26287467,
1354,notAvailable,Molecular cell,26253029,
1355,notAvailable,Nature immunology,26237553,
1356,GSE70798,Nature immunology,26237550,
1357,GSE67833,Cell stem cell,26235341,
1358,notAvailable,Science translational medicine,26203083,
1359,notAvailable,Neuron,26182417,
1360,notAvailable,Neuron,26182411,
1361,notAvailable,Science translational medicine,26180099,
1362,notAvailable,Nature medicine,26168294,
1363,notAvailable,Cell,26165941,
1364,notAvailable,Nature communications,26158780,
1365,notAvailable,Nature communications,26151134,
1366,notAvailable,Nature communications,26151127,
1367,notAvailable,Nature methods,26147917,
1368,notAvailable,"Science (New York, N.Y.)",26138975,
1369,notAvailable,Nature,26131935,
1370,notAvailable,Nature communications,26104298,
1371,notAvailable,Nature methods,26098019,
1372,notAvailable,Cell,26095251,
1373,notAvailable,Cell,26091034,
1374,notAvailable,Neuron,26087161,
1375,GSE65360,Nature,26083756,
1376,notAvailable,Nature communications,26074426,
1377,GSE60783_GSE60782_GSE60781,Nature immunology,26054720,
1378,notAvailable,eLife,26051822,
1379,notAvailable,Cell stem cell,26046754,
1380,GSE63818,Cell,26046443,
1381,notAvailable,Cancer discovery,31662298,
1382,notAvailable,eLife,31657716,
1383,notAvailable,Nature communications,31653878,
1384,notAvailable,Nature communications,31653857,
1385,notAvailable,Nature communications,31653855,
1386,notAvailable,Nature communications,31653841,
1387,notAvailable,Nature communications,31653829,
1388,notAvailable,Nature communications,31649248,
1389,notAvailable,Cell systems,31647917,
1390,notAvailable,eLife,31647409,
1391,notAvailable,Nature,31645721,
1392,notAvailable,eLife,31644425,
1393,notAvailable,Nature communications,31641119,
1394,notAvailable,Cell systems,31629685,
1395,notAvailable,Nature communications,31628330,
1396,notAvailable,Cell,31626771,
1397,notAvailable,Cell,31626770,
1398,GSE126030,Nature communications,31624246,
1399,notAvailable,Nature,31619793,
1400,notAvailable,Immunity,31618654,
1401,notAvailable,Nature methods,31611692,
1402,notAvailable,Cell systems,31606371,
1403,notAvailable,Immunity,31606264,
1404,notAvailable,Nature immunology,31605099,
1405,notAvailable,Nature communications,31604953,
1406,notAvailable,Nature communications,31604922,
1407,notAvailable,Science immunology,31604845,
1408,notAvailable,Science immunology,31604843,
1409,notAvailable,Immunity,31604687,
1410,GSE127807_GSE115968_GSE107651,Nature communications,31601804,
1411,notAvailable,Nature,31597973,
1412,notAvailable,Nature,31597962,
1413,notAvailable,Science translational medicine,31597755,
1414,GSE136103,Nature,31597160,
1415,notAvailable,Nature communications,31594952,
1416,GSE132064,Nature communications,31594945,
1417,GSE131272,eLife,31592768,
1418,notAvailable,eLife,31591966,
1419,notAvailable,Nature medicine,31591603,
1420,notAvailable,Nature methods,31591579,
1421,notAvailable,Nature immunology,31591573,
1422,GSE125449,Cancer cell,31588021,
1423,GSE112438,Cell,31585086,
1424,notAvailable,Cell,31585077,
1425,GSE135500_GSE123028,Nature communications,31582743,
1426,notAvailable,Cancer discovery,31575563,
1427,notAvailable,Cell,31564455,
1428,notAvailable,Molecular cell,31563431,
1429,GSE129788,Nature neuroscience,31551601,
1430,notAvailable,Cell stem cell,31523028,
1431,notAvailable,Cell systems,31521605,
1432,notAvailable,Nature methods,31501550,
1433,GSE130711_GSE124391,Nature methods,31501549,
1434,notAvailable,Nature methods,31501546,
1435,notAvailable,Nature methods,31501545,
1436,notAvailable,Nature methods,31501544,
1437,notAvailable,Nature communications,31784515,Single cell census of human kidney organoids shows reproducibility and diminished off-target cells after transplantation
1438,notAvailable,Neuron,31784286,Single-Cell Profiles of Retinal Ganglion Cells Differing in Resilience to Injury Reveal Neuroprotective Genes
1439,notAvailable,Nature communications,31780669,Automated optimized parameters for T-distributed stochastic neighbor embedding improve visualization and analysis of large datasets
1440,notAvailable,Nature communications,31780648,The art of using t-SNE for single-cell transcriptomics
1441,notAvailable,Cell,31778651,Modeling the Evolution of Human Brain Development Using Organoids
1442,notAvailable,Science translational medicine,31776286,Overexpression of T-bet in HIV infection is associated with accumulation of B cells outside germinal centers and poor affinity maturation
1443,notAvailable,Nature communications,31772172,On-target restoration of a split T cell-engaging antibody for precision immunotherapy
1444,notAvailable,Nature communications,31772163,Invariant patterns of clonal succession determine specific clinical features of myelodysplastic syndromes
1445,notAvailable,Nature genetics,31768071,Stalled developmental programs at the root of pediatric brain tumors
1446,notAvailable,Nature methods,31768062,"Isolating live cells after high-throughput, long-term, time-lapse microscopy"
1447,notAvailable,Nature neuroscience,31768052,A single-cell atlas of entorhinal cortex from individuals with Alzheimer's disease reveals cell-type-specific gene expression regulation
1448,notAvailable,Nature cell biology,31768046,A Tppp
1449,notAvailable,Nature communications,31757970,Poly(A) inclusive RNA isoform sequencing (PAIso-seq) reveals wide-spread non-adenosine residues within RNA poly(A) tails
1450,notAvailable,Science immunology,31757835,A divergent transcriptional landscape underpins the development and functional branching of MAIT cells
1451,notAvailable,"Science (New York, N.Y.)",31753999,Host resistance factor SLC11A1 restricts
1452,notAvailable,"Science (New York, N.Y.)",31753992,Three-dimensional genome structure of a single cell
1453,notAvailable,Nature,31748748,Gene expression cartography
1454,notAvailable,Nature,31748747,Genetic predisposition to mosaic Y chromosome loss in blood
1455,notAvailable,Immunity,31747579,Building a Human Thymus: A Pointillist View
1456,notAvailable,eLife,31746739,Single cell transcriptome atlas of the
1457,notAvailable,Nature immunology,31745340,TCR sequencing paired with massively parallel 3' RNA-seq reveals clonotypic T cell signatures
1458,notAvailable,Nature communications,31745093,Embryonic progenitor pools generate diversity in fine-scale excitatory cortical subnetworks
1459,notAvailable,Nature methods,31740822,Revealing dynamics of gene expression variability in cell state space
1460,notAvailable,Nature methods,31740819,"Fast, sensitive and accurate integration of single-cell data with Harmony"
1461,notAvailable,Nature methods,31740817,Time-resolved imaging-based CRISPRi screening
1462,notAvailable,Nature methods,31740815,Probabilistic cell typing enables fine mapping of closely related cell types in situ
1463,GSE135437,Nature neuroscience,31740814,Mapping microglia states in the human brain through the integration of high-dimensional techniques
1464,notAvailable,Cell,31730858,Clonal Decomposition and DNA Replication States Defined by Scaled Single-Cell Genome Sequencing
1465,notAvailable,Cell,31730857,B Cells and T Follicular Helper Cells Mediate Response to Checkpoint Inhibitors in High Mutation Burden Mouse Models of Breast Cancer
1466,GSE121380,Cell,31730855,Mucosal Profiling of Pediatric-Onset Colitis and IBD Reveals Common Pathogenics and Therapeutic Pathways
1467,GSE138651,Cell,31730854,Genetic Identification of Vagal Sensory Neurons That Control Feeding
1468,notAvailable,Nature communications,31729374,A Bayesian mixture model for the analysis of allelic expression in single cells
1469,GSE117708_GSE117707_GSE117706,Nature communications,31729367,Sertoli cell-only phenotype and scRNA-seq define PRAMEF12 as a factor essential for spermatogenesis in mice
1470,notAvailable,eLife,31714209,DNA damage checkpoint activation impairs chromatin homeostasis and promotes mitotic catastrophe during aging
1471,notAvailable,eLife,31713513,Interspecies interactions induce exploratory motility in
1472,notAvailable,eLife,31710287,Single-cell transcriptomic evidence for dense intracortical neuropeptide networks
1473,notAvailable,Cancer cell,31708437,Clonally Expanded T Cells Reveal Immunogenicity of Rhabdoid Tumors
1474,notAvailable,Nature communications,31704937,Active DNA unwinding and transport by a membrane-adapted helicase nanopore
1475,notAvailable,Cancer discovery,31699795,Single-cell RNA sequencing reveals stromal evolution into LRRC15+ myofibroblasts as a determinant of patient response to cancer immunotherapy
1476,GSE126139,eLife,31687928,Modular transcriptional programs separately define axon and dendrite connectivity
1477,notAvailable,Nature cell biology,31685990,Differential scaling between G1 protein production and cell size dynamics promotes commitment to the cell division cycle in budding yeast
1478,notAvailable,eLife,31682227,Single-cell proteomics reveals changes in expression during hair-cell development
1479,notAvailable,Cell systems,31677971,Bayesian Inference of Allelic Inclusion Rates in the Human T Cell Receptor Repertoire
1480,notAvailable,Cell,31675497,Stress-Induced Metabolic Disorder in Peripheral CD
1481,GSE140228,Cell,31675496,Landscape and Dynamics of Single Immune Cells in Hepatocellular Carcinoma
1482,GSE130114,"Science (New York, N.Y.)",31672918,In vitro culture of cynomolgus monkey embryos beyond early gastrulation
1483,notAvailable,"Science (New York, N.Y.)",31672917,Dissecting primate early post-implantation development using long-term in vitro embryo culture
1484,GSE137710_GSE130201,Cell,31668803,Transcriptional Basis of Mouse and Human Dendritic Cell Heterogeneity
1485,notAvailable,Nature methods,31611692,Multiplexed and single cell tracing of lipid metabolism
1486,notAvailable,Immunity,31606264,TCF-1-Centered Transcriptional Network Drives an Effector versus Exhausted CD8T Cell-Fate Decision
1487,notAvailable,Nature immunology,31605099,Author Correction: Tubular cell and keratinocyte single-cell transcriptomics applied to lupus nephritis reveal type I IFN and fibrosis relevant pathways
1488,notAvailable,Immunity,31604687,Single-Cell RNA Sequencing Resolves Spatiotemporal Development of Pre-thymic Lymphoid Progenitors and Thymus Organogenesis in Human Embryos
1489,notAvailable,Nature methods,31591579,Exploring single-cell data with deep multitasking neural networks
1490,notAvailable,Nature immunology,31591573,Locally instructed CXCR
1491,GSE133856_GSE133855_GSE133854,Cell stem cell,31588047,Single-Cell Transcriptome Analysis of Uniparental Embryos Reveals Parent-of-Origin Effects on Human Preimplantation Development
1492,notAvailable,Nature neuroscience,31570865,Accurate quantification of astrocyte and neurotransmitter fluorescence dynamics for single-cell and population-level physiology
1493,notAvailable,Molecular cell,31543423,Transient Hysteresis in CDK4/6 Activity Underlies Passage of the Restriction Point in G1
1494,notAvailable,Molecular cell,31495564,High-Throughput Single-Cell Sequencing with Linear Amplification
1495,GSE135465_GSE087064,Neuron,31493975,Nucleome Dynamics during Retinal Development
